<?xml version="1.0" encoding="UTF-8"?>
<metadata xml:lang="en"><Esri><CreaDate>20191031</CreaDate><CreaTime>15503600</CreaTime><ArcGISFormat>1.0</ArcGISFormat><SyncOnce>TRUE</SyncOnce><DataProperties><itemProps><itemLocation><linkage Sync="TRUE">file://\\LAPTOP-GDNC1U5L\G\My Drive\Research Project_UCD\CA_Dockless Bikeshare\Data\MTC_Communities_of_Concern\MTC_Communities_of_Concern_2018_with_American_Community_Survey_Data_20122016Copy</linkage><protocol Sync="TRUE">Local Area Network</protocol></itemLocation></itemProps><copyHistory><copy source="G:\My Drive\Research Project_UCD\CA_Dockless Bikeshare\Data\MTC_Communities_of_Concern\MTC_Communities_of_Concern_2018_with_American_Community_Survey_Data_20122016" dest="\\LAPTOP-GDNC1U5L\G\My Drive\Research Project_UCD\CA_Dockless Bikeshare\Data\MTC_Communities_of_Concern\MTC_Communities_of_Concern_2018_with_American_Community_Survey_Data_20122016Copy" date="20191031" time="15503600"></copy></copyHistory></DataProperties></Esri></metadata>
